weather_id,city_id,timestamp,weather
1,1,2025-01-01,Sunny
2,1,2025-01-02,Sunny
3,1,2025-01-03,Rainy
4,1,2025-01-04,Windy
5,1,2025-01-05,Windy
6,1,2025-01-06,Cloudy
7,1,2025-01-07,Cloudy
8,1,2025-01-08,Rainy
9,1,2025-01-09,Windy
10,1,2025-01-10,Hot
11,1,2025-01-11,Cloudy
12,1,2025-01-12,Rainy
13,1,2025-01-13,Rainy
14,1,2025-01-14,Rainy
15,1,2025-01-15,Sunny
16,1,2025-01-16,Rainy
17,1,2025-01-17,Sunny
18,1,2025-01-18,Rainy
19,1,2025-01-19,Cloudy
20,1,2025-01-20,Rainy
21,1,2025-01-21,Cloudy
22,1,2025-01-22,Sunny
23,1,2025-01-23,Cloudy
24,1,2025-01-24,Cloudy
25,1,2025-01-25,Sunny
26,1,2025-01-26,Rainy
27,1,2025-01-27,Cloudy
28,1,2025-01-28,Hot
29,1,2025-01-29,Hot
30,1,2025-01-30,Cloudy
31,1,2025-01-31,Sunny
32,1,2025-02-01,Cloudy
33,1,2025-02-02,Sunny
34,1,2025-02-03,Cloudy
35,1,2025-02-04,Hot
36,1,2025-02-05,Hot
37,1,2025-02-06,Sunny
38,1,2025-02-07,Hot
39,1,2025-02-08,Rainy
40,1,2025-02-09,Sunny
41,1,2025-02-10,Cloudy
42,1,2025-02-11,Rainy
43,1,2025-02-12,Cloudy
44,1,2025-02-13,Rainy
45,1,2025-02-14,Hot
46,1,2025-02-15,Rainy
47,1,2025-02-16,Hot
48,1,2025-02-17,Hot
49,1,2025-02-18,Sunny
50,1,2025-02-19,Sunny
51,1,2025-02-20,Rainy
52,1,2025-02-21,Rainy
53,1,2025-02-22,Cloudy
54,1,2025-02-23,Cloudy
55,1,2025-02-24,Windy
56,1,2025-02-25,Windy
57,1,2025-02-26,Rainy
58,1,2025-02-27,Cloudy
59,1,2025-02-28,Sunny
60,1,2025-03-01,Hot
61,1,2025-03-02,Rainy
62,1,2025-03-03,Windy
63,1,2025-03-04,Sunny
64,1,2025-03-05,Cloudy
65,1,2025-03-06,Hot
66,1,2025-03-07,Windy
67,1,2025-03-08,Cloudy
68,1,2025-03-09,Hot
69,1,2025-03-10,Sunny
70,1,2025-03-11,Sunny
71,1,2025-03-12,Rainy
72,1,2025-03-13,Sunny
73,1,2025-03-14,Hot
74,1,2025-03-15,Sunny
75,1,2025-03-16,Windy
76,1,2025-03-17,Rainy
77,1,2025-03-18,Cloudy
78,1,2025-03-19,Rainy
79,1,2025-03-20,Sunny
80,1,2025-03-21,Windy
81,1,2025-03-22,Sunny
82,1,2025-03-23,Windy
83,1,2025-03-24,Cloudy
84,1,2025-03-25,Rainy
85,1,2025-03-26,Sunny
86,1,2025-03-27,Sunny
87,1,2025-03-28,Rainy
88,1,2025-03-29,Windy
89,1,2025-03-30,Sunny
90,1,2025-03-31,Sunny
91,2,2025-01-01,Rainy
92,2,2025-01-02,Sunny
93,2,2025-01-03,Rainy
94,2,2025-01-04,Sunny
95,2,2025-01-05,Cloudy
96,2,2025-01-06,Hot
97,2,2025-01-07,Hot
98,2,2025-01-08,Windy
99,2,2025-01-09,Hot
100,2,2025-01-10,Windy
101,2,2025-01-11,Rainy
102,2,2025-01-12,Sunny
103,2,2025-01-13,Cloudy
104,2,2025-01-14,Cloudy
105,2,2025-01-15,Windy
106,2,2025-01-16,Sunny
107,2,2025-01-17,Rainy
108,2,2025-01-18,Cloudy
109,2,2025-01-19,Hot
110,2,2025-01-20,Rainy
111,2,2025-01-21,Sunny
112,2,2025-01-22,Sunny
113,2,2025-01-23,Sunny
114,2,2025-01-24,Rainy
115,2,2025-01-25,Rainy
116,2,2025-01-26,Hot
117,2,2025-01-27,Sunny
118,2,2025-01-28,Hot
119,2,2025-01-29,Cloudy
120,2,2025-01-30,Hot
121,2,2025-01-31,Sunny
122,2,2025-02-01,Rainy
123,2,2025-02-02,Rainy
124,2,2025-02-03,Windy
125,2,2025-02-04,Windy
126,2,2025-02-05,Rainy
127,2,2025-02-06,Sunny
128,2,2025-02-07,Rainy
129,2,2025-02-08,Windy
130,2,2025-02-09,Hot
131,2,2025-02-10,Windy
132,2,2025-02-11,Rainy
133,2,2025-02-12,Windy
134,2,2025-02-13,Hot
135,2,2025-02-14,Rainy
136,2,2025-02-15,Windy
137,2,2025-02-16,Sunny
138,2,2025-02-17,Hot
139,2,2025-02-18,Sunny
140,2,2025-02-19,Sunny
141,2,2025-02-20,Sunny
142,2,2025-02-21,Windy
143,2,2025-02-22,Sunny
144,2,2025-02-23,Cloudy
145,2,2025-02-24,Sunny
146,2,2025-02-25,Windy
147,2,2025-02-26,Windy
148,2,2025-02-27,Windy
149,2,2025-02-28,Hot
150,2,2025-03-01,Sunny
151,2,2025-03-02,Sunny
152,2,2025-03-03,Rainy
153,2,2025-03-04,Sunny
154,2,2025-03-05,Sunny
155,2,2025-03-06,Hot
156,2,2025-03-07,Rainy
157,2,2025-03-08,Windy
158,2,2025-03-09,Sunny
159,2,2025-03-10,Rainy
160,2,2025-03-11,Sunny
161,2,2025-03-12,Hot
162,2,2025-03-13,Windy
163,2,2025-03-14,Sunny
164,2,2025-03-15,Sunny
165,2,2025-03-16,Sunny
166,2,2025-03-17,Rainy
167,2,2025-03-18,Hot
168,2,2025-03-19,Rainy
169,2,2025-03-20,Hot
170,2,2025-03-21,Sunny
171,2,2025-03-22,Cloudy
172,2,2025-03-23,Hot
173,2,2025-03-24,Windy
174,2,2025-03-25,Windy
175,2,2025-03-26,Hot
176,2,2025-03-27,Windy
177,2,2025-03-28,Sunny
178,2,2025-03-29,Cloudy
179,2,2025-03-30,Cloudy
180,2,2025-03-31,Cloudy
181,3,2025-01-01,Rainy
182,3,2025-01-02,Cloudy
183,3,2025-01-03,Cloudy
184,3,2025-01-04,Rainy
185,3,2025-01-05,Hot
186,3,2025-01-06,Sunny
187,3,2025-01-07,Cloudy
188,3,2025-01-08,Hot
189,3,2025-01-09,Sunny
190,3,2025-01-10,Rainy
191,3,2025-01-11,Sunny
192,3,2025-01-12,Hot
193,3,2025-01-13,Cloudy
194,3,2025-01-14,Sunny
195,3,2025-01-15,Rainy
196,3,2025-01-16,Sunny
197,3,2025-01-17,Rainy
198,3,2025-01-18,Cloudy
199,3,2025-01-19,Rainy
200,3,2025-01-20,Windy
201,3,2025-01-21,Rainy
202,3,2025-01-22,Sunny
203,3,2025-01-23,Rainy
204,3,2025-01-24,Sunny
205,3,2025-01-25,Sunny
206,3,2025-01-26,Cloudy
207,3,2025-01-27,Sunny
208,3,2025-01-28,Rainy
209,3,2025-01-29,Rainy
210,3,2025-01-30,Hot
211,3,2025-01-31,Rainy
212,3,2025-02-01,Cloudy
213,3,2025-02-02,Cloudy
214,3,2025-02-03,Windy
215,3,2025-02-04,Cloudy
216,3,2025-02-05,Sunny
217,3,2025-02-06,Rainy
218,3,2025-02-07,Sunny
219,3,2025-02-08,Hot
220,3,2025-02-09,Sunny
221,3,2025-02-10,Hot
222,3,2025-02-11,Sunny
223,3,2025-02-12,Rainy
224,3,2025-02-13,Cloudy
225,3,2025-02-14,Windy
226,3,2025-02-15,Windy
227,3,2025-02-16,Sunny
228,3,2025-02-17,Cloudy
229,3,2025-02-18,Windy
230,3,2025-02-19,Cloudy
231,3,2025-02-20,Sunny
232,3,2025-02-21,Hot
233,3,2025-02-22,Windy
234,3,2025-02-23,Sunny
235,3,2025-02-24,Windy
236,3,2025-02-25,Cloudy
237,3,2025-02-26,Rainy
238,3,2025-02-27,Hot
239,3,2025-02-28,Hot
240,3,2025-03-01,Sunny
241,3,2025-03-02,Hot
242,3,2025-03-03,Windy
243,3,2025-03-04,Rainy
244,3,2025-03-05,Sunny
245,3,2025-03-06,Windy
246,3,2025-03-07,Windy
247,3,2025-03-08,Rainy
248,3,2025-03-09,Windy
249,3,2025-03-10,Rainy
250,3,2025-03-11,Sunny
251,3,2025-03-12,Hot
252,3,2025-03-13,Sunny
253,3,2025-03-14,Sunny
254,3,2025-03-15,Sunny
255,3,2025-03-16,Hot
256,3,2025-03-17,Windy
257,3,2025-03-18,Sunny
258,3,2025-03-19,Windy
259,3,2025-03-20,Cloudy
260,3,2025-03-21,Rainy
261,3,2025-03-22,Cloudy
262,3,2025-03-23,Sunny
263,3,2025-03-24,Hot
264,3,2025-03-25,Sunny
265,3,2025-03-26,Sunny
266,3,2025-03-27,Sunny
267,3,2025-03-28,Hot
268,3,2025-03-29,Sunny
269,3,2025-03-30,Sunny
270,3,2025-03-31,Cloudy
271,4,2025-01-01,Sunny
272,4,2025-01-02,Cloudy
273,4,2025-01-03,Cloudy
274,4,2025-01-04,Rainy
275,4,2025-01-05,Rainy
276,4,2025-01-06,Cloudy
277,4,2025-01-07,Rainy
278,4,2025-01-08,Cloudy
279,4,2025-01-09,Rainy
280,4,2025-01-10,Sunny
281,4,2025-01-11,Windy
282,4,2025-01-12,Cloudy
283,4,2025-01-13,Sunny
284,4,2025-01-14,Cloudy
285,4,2025-01-15,Sunny
286,4,2025-01-16,Sunny
287,4,2025-01-17,Hot
288,4,2025-01-18,Hot
289,4,2025-01-19,Hot
290,4,2025-01-20,Sunny
291,4,2025-01-21,Rainy
292,4,2025-01-22,Windy
293,4,2025-01-23,Sunny
294,4,2025-01-24,Hot
295,4,2025-01-25,Cloudy
296,4,2025-01-26,Cloudy
297,4,2025-01-27,Windy
298,4,2025-01-28,Cloudy
299,4,2025-01-29,Windy
300,4,2025-01-30,Sunny
301,4,2025-01-31,Cloudy
302,4,2025-02-01,Rainy
303,4,2025-02-02,Sunny
304,4,2025-02-03,Hot
305,4,2025-02-04,Windy
306,4,2025-02-05,Cloudy
307,4,2025-02-06,Windy
308,4,2025-02-07,Sunny
309,4,2025-02-08,Windy
310,4,2025-02-09,Sunny
311,4,2025-02-10,Rainy
312,4,2025-02-11,Windy
313,4,2025-02-12,Sunny
314,4,2025-02-13,Cloudy
315,4,2025-02-14,Rainy
316,4,2025-02-15,Cloudy
317,4,2025-02-16,Cloudy
318,4,2025-02-17,Cloudy
319,4,2025-02-18,Sunny
320,4,2025-02-19,Windy
321,4,2025-02-20,Cloudy
322,4,2025-02-21,Sunny
323,4,2025-02-22,Sunny
324,4,2025-02-23,Sunny
325,4,2025-02-24,Rainy
326,4,2025-02-25,Hot
327,4,2025-02-26,Cloudy
328,4,2025-02-27,Hot
329,4,2025-02-28,Sunny
330,4,2025-03-01,Sunny
331,4,2025-03-02,Rainy
332,4,2025-03-03,Rainy
333,4,2025-03-04,Sunny
334,4,2025-03-05,Hot
335,4,2025-03-06,Cloudy
336,4,2025-03-07,Windy
337,4,2025-03-08,Cloudy
338,4,2025-03-09,Sunny
339,4,2025-03-10,Windy
340,4,2025-03-11,Rainy
341,4,2025-03-12,Sunny
342,4,2025-03-13,Rainy
343,4,2025-03-14,Cloudy
344,4,2025-03-15,Windy
345,4,2025-03-16,Sunny
346,4,2025-03-17,Cloudy
347,4,2025-03-18,Cloudy
348,4,2025-03-19,Rainy
349,4,2025-03-20,Cloudy
350,4,2025-03-21,Rainy
351,4,2025-03-22,Windy
352,4,2025-03-23,Windy
353,4,2025-03-24,Cloudy
354,4,2025-03-25,Sunny
355,4,2025-03-26,Sunny
356,4,2025-03-27,Sunny
357,4,2025-03-28,Windy
358,4,2025-03-29,Windy
359,4,2025-03-30,Sunny
360,4,2025-03-31,Rainy
361,5,2025-01-01,Cloudy
362,5,2025-01-02,Sunny
363,5,2025-01-03,Cloudy
364,5,2025-01-04,Rainy
365,5,2025-01-05,Rainy
366,5,2025-01-06,Rainy
367,5,2025-01-07,Hot
368,5,2025-01-08,Sunny
369,5,2025-01-09,Cloudy
370,5,2025-01-10,Sunny
371,5,2025-01-11,Sunny
372,5,2025-01-12,Cloudy
373,5,2025-01-13,Hot
374,5,2025-01-14,Rainy
375,5,2025-01-15,Sunny
376,5,2025-01-16,Sunny
377,5,2025-01-17,Cloudy
378,5,2025-01-18,Cloudy
379,5,2025-01-19,Sunny
380,5,2025-01-20,Sunny
381,5,2025-01-21,Hot
382,5,2025-01-22,Cloudy
383,5,2025-01-23,Cloudy
384,5,2025-01-24,Windy
385,5,2025-01-25,Sunny
386,5,2025-01-26,Hot
387,5,2025-01-27,Hot
388,5,2025-01-28,Rainy
389,5,2025-01-29,Cloudy
390,5,2025-01-30,Sunny
391,5,2025-01-31,Cloudy
392,5,2025-02-01,Windy
393,5,2025-02-02,Hot
394,5,2025-02-03,Windy
395,5,2025-02-04,Cloudy
396,5,2025-02-05,Hot
397,5,2025-02-06,Rainy
398,5,2025-02-07,Sunny
399,5,2025-02-08,Cloudy
400,5,2025-02-09,Rainy
401,5,2025-02-10,Hot
402,5,2025-02-11,Hot
403,5,2025-02-12,Cloudy
404,5,2025-02-13,Rainy
405,5,2025-02-14,Rainy
406,5,2025-02-15,Windy
407,5,2025-02-16,Rainy
408,5,2025-02-17,Sunny
409,5,2025-02-18,Cloudy
410,5,2025-02-19,Sunny
411,5,2025-02-20,Sunny
412,5,2025-02-21,Cloudy
413,5,2025-02-22,Sunny
414,5,2025-02-23,Hot
415,5,2025-02-24,Sunny
416,5,2025-02-25,Hot
417,5,2025-02-26,Rainy
418,5,2025-02-27,Sunny
419,5,2025-02-28,Sunny
420,5,2025-03-01,Sunny
421,5,2025-03-02,Sunny
422,5,2025-03-03,Rainy
423,5,2025-03-04,Rainy
424,5,2025-03-05,Sunny
425,5,2025-03-06,Cloudy
426,5,2025-03-07,Sunny
427,5,2025-03-08,Sunny
428,5,2025-03-09,Sunny
429,5,2025-03-10,Windy
430,5,2025-03-11,Sunny
431,5,2025-03-12,Windy
432,5,2025-03-13,Cloudy
433,5,2025-03-14,Rainy
434,5,2025-03-15,Cloudy
435,5,2025-03-16,Windy
436,5,2025-03-17,Rainy
437,5,2025-03-18,Sunny
438,5,2025-03-19,Cloudy
439,5,2025-03-20,Rainy
440,5,2025-03-21,Cloudy
441,5,2025-03-22,Sunny
442,5,2025-03-23,Hot
443,5,2025-03-24,Cloudy
444,5,2025-03-25,Sunny
445,5,2025-03-26,Sunny
446,5,2025-03-27,Hot
447,5,2025-03-28,Cloudy
448,5,2025-03-29,Hot
449,5,2025-03-30,Cloudy
450,5,2025-03-31,Rainy
451,6,2025-01-01,Cloudy
452,6,2025-01-02,Rainy
453,6,2025-01-03,Hot
454,6,2025-01-04,Windy
455,6,2025-01-05,Sunny
456,6,2025-01-06,Sunny
457,6,2025-01-07,Sunny
458,6,2025-01-08,Sunny
459,6,2025-01-09,Cloudy
460,6,2025-01-10,Cloudy
461,6,2025-01-11,Windy
462,6,2025-01-12,Windy
463,6,2025-01-13,Sunny
464,6,2025-01-14,Hot
465,6,2025-01-15,Cloudy
466,6,2025-01-16,Hot
467,6,2025-01-17,Rainy
468,6,2025-01-18,Hot
469,6,2025-01-19,Cloudy
470,6,2025-01-20,Cloudy
471,6,2025-01-21,Rainy
472,6,2025-01-22,Windy
473,6,2025-01-23,Windy
474,6,2025-01-24,Windy
475,6,2025-01-25,Cloudy
476,6,2025-01-26,Sunny
477,6,2025-01-27,Rainy
478,6,2025-01-28,Rainy
479,6,2025-01-29,Rainy
480,6,2025-01-30,Windy
481,6,2025-01-31,Cloudy
482,6,2025-02-01,Rainy
483,6,2025-02-02,Rainy
484,6,2025-02-03,Sunny
485,6,2025-02-04,Windy
486,6,2025-02-05,Sunny
487,6,2025-02-06,Cloudy
488,6,2025-02-07,Sunny
489,6,2025-02-08,Rainy
490,6,2025-02-09,Sunny
491,6,2025-02-10,Windy
492,6,2025-02-11,Sunny
493,6,2025-02-12,Hot
494,6,2025-02-13,Rainy
495,6,2025-02-14,Windy
496,6,2025-02-15,Sunny
497,6,2025-02-16,Hot
498,6,2025-02-17,Sunny
499,6,2025-02-18,Rainy
500,6,2025-02-19,Hot
501,6,2025-02-20,Rainy
502,6,2025-02-21,Rainy
503,6,2025-02-22,Sunny
504,6,2025-02-23,Sunny
505,6,2025-02-24,Sunny
506,6,2025-02-25,Hot
507,6,2025-02-26,Hot
508,6,2025-02-27,Cloudy
509,6,2025-02-28,Rainy
510,6,2025-03-01,Sunny
511,6,2025-03-02,Windy
512,6,2025-03-03,Cloudy
513,6,2025-03-04,Hot
514,6,2025-03-05,Sunny
515,6,2025-03-06,Cloudy
516,6,2025-03-07,Windy
517,6,2025-03-08,Sunny
518,6,2025-03-09,Sunny
519,6,2025-03-10,Cloudy
520,6,2025-03-11,Hot
521,6,2025-03-12,Sunny
522,6,2025-03-13,Cloudy
523,6,2025-03-14,Rainy
524,6,2025-03-15,Rainy
525,6,2025-03-16,Sunny
526,6,2025-03-17,Cloudy
527,6,2025-03-18,Rainy
528,6,2025-03-19,Cloudy
529,6,2025-03-20,Hot
530,6,2025-03-21,Sunny
531,6,2025-03-22,Rainy
532,6,2025-03-23,Rainy
533,6,2025-03-24,Sunny
534,6,2025-03-25,Sunny
535,6,2025-03-26,Cloudy
536,6,2025-03-27,Rainy
537,6,2025-03-28,Sunny
538,6,2025-03-29,Rainy
539,6,2025-03-30,Rainy
540,6,2025-03-31,Sunny
541,7,2025-01-01,Hot
542,7,2025-01-02,Rainy
543,7,2025-01-03,Sunny
544,7,2025-01-04,Sunny
545,7,2025-01-05,Cloudy
546,7,2025-01-06,Cloudy
547,7,2025-01-07,Sunny
548,7,2025-01-08,Windy
549,7,2025-01-09,Windy
550,7,2025-01-10,Sunny
551,7,2025-01-11,Rainy
552,7,2025-01-12,Hot
553,7,2025-01-13,Sunny
554,7,2025-01-14,Windy
555,7,2025-01-15,Sunny
556,7,2025-01-16,Sunny
557,7,2025-01-17,Rainy
558,7,2025-01-18,Sunny
559,7,2025-01-19,Sunny
560,7,2025-01-20,Rainy
561,7,2025-01-21,Rainy
562,7,2025-01-22,Sunny
563,7,2025-01-23,Sunny
564,7,2025-01-24,Rainy
565,7,2025-01-25,Windy
566,7,2025-01-26,Sunny
567,7,2025-01-27,Cloudy
568,7,2025-01-28,Sunny
569,7,2025-01-29,Sunny
570,7,2025-01-30,Cloudy
571,7,2025-01-31,Cloudy
572,7,2025-02-01,Cloudy
573,7,2025-02-02,Hot
574,7,2025-02-03,Rainy
575,7,2025-02-04,Hot
576,7,2025-02-05,Cloudy
577,7,2025-02-06,Hot
578,7,2025-02-07,Rainy
579,7,2025-02-08,Rainy
580,7,2025-02-09,Cloudy
581,7,2025-02-10,Sunny
582,7,2025-02-11,Hot
583,7,2025-02-12,Sunny
584,7,2025-02-13,Hot
585,7,2025-02-14,Rainy
586,7,2025-02-15,Hot
587,7,2025-02-16,Rainy
588,7,2025-02-17,Sunny
589,7,2025-02-18,Sunny
590,7,2025-02-19,Sunny
591,7,2025-02-20,Cloudy
592,7,2025-02-21,Rainy
593,7,2025-02-22,Sunny
594,7,2025-02-23,Sunny
595,7,2025-02-24,Cloudy
596,7,2025-02-25,Cloudy
597,7,2025-02-26,Hot
598,7,2025-02-27,Sunny
599,7,2025-02-28,Rainy
600,7,2025-03-01,Sunny
601,7,2025-03-02,Sunny
602,7,2025-03-03,Sunny
603,7,2025-03-04,Hot
604,7,2025-03-05,Rainy
605,7,2025-03-06,Sunny
606,7,2025-03-07,Sunny
607,7,2025-03-08,Cloudy
608,7,2025-03-09,Rainy
609,7,2025-03-10,Sunny
610,7,2025-03-11,Windy
611,7,2025-03-12,Rainy
612,7,2025-03-13,Cloudy
613,7,2025-03-14,Windy
614,7,2025-03-15,Rainy
615,7,2025-03-16,Rainy
616,7,2025-03-17,Sunny
617,7,2025-03-18,Sunny
618,7,2025-03-19,Hot
619,7,2025-03-20,Cloudy
620,7,2025-03-21,Sunny
621,7,2025-03-22,Cloudy
622,7,2025-03-23,Rainy
623,7,2025-03-24,Sunny
624,7,2025-03-25,Sunny
625,7,2025-03-26,Sunny
626,7,2025-03-27,Cloudy
627,7,2025-03-28,Windy
628,7,2025-03-29,Cloudy
629,7,2025-03-30,Cloudy
630,7,2025-03-31,Cloudy
631,8,2025-01-01,Rainy
632,8,2025-01-02,Rainy
633,8,2025-01-03,Cloudy
634,8,2025-01-04,Windy
635,8,2025-01-05,Cloudy
636,8,2025-01-06,Sunny
637,8,2025-01-07,Hot
638,8,2025-01-08,Windy
639,8,2025-01-09,Rainy
640,8,2025-01-10,Rainy
641,8,2025-01-11,Windy
642,8,2025-01-12,Cloudy
643,8,2025-01-13,Rainy
644,8,2025-01-14,Sunny
645,8,2025-01-15,Cloudy
646,8,2025-01-16,Rainy
647,8,2025-01-17,Sunny
648,8,2025-01-18,Rainy
649,8,2025-01-19,Windy
650,8,2025-01-20,Hot
651,8,2025-01-21,Hot
652,8,2025-01-22,Windy
653,8,2025-01-23,Cloudy
654,8,2025-01-24,Cloudy
655,8,2025-01-25,Cloudy
656,8,2025-01-26,Rainy
657,8,2025-01-27,Cloudy
658,8,2025-01-28,Rainy
659,8,2025-01-29,Sunny
660,8,2025-01-30,Cloudy
661,8,2025-01-31,Hot
662,8,2025-02-01,Rainy
663,8,2025-02-02,Sunny
664,8,2025-02-03,Windy
665,8,2025-02-04,Sunny
666,8,2025-02-05,Rainy
667,8,2025-02-06,Windy
668,8,2025-02-07,Cloudy
669,8,2025-02-08,Cloudy
670,8,2025-02-09,Sunny
671,8,2025-02-10,Hot
672,8,2025-02-11,Sunny
673,8,2025-02-12,Windy
674,8,2025-02-13,Hot
675,8,2025-02-14,Sunny
676,8,2025-02-15,Sunny
677,8,2025-02-16,Windy
678,8,2025-02-17,Cloudy
679,8,2025-02-18,Hot
680,8,2025-02-19,Hot
681,8,2025-02-20,Rainy
682,8,2025-02-21,Rainy
683,8,2025-02-22,Sunny
684,8,2025-02-23,Sunny
685,8,2025-02-24,Hot
686,8,2025-02-25,Cloudy
687,8,2025-02-26,Sunny
688,8,2025-02-27,Cloudy
689,8,2025-02-28,Hot
690,8,2025-03-01,Rainy
691,8,2025-03-02,Windy
692,8,2025-03-03,Windy
693,8,2025-03-04,Sunny
694,8,2025-03-05,Windy
695,8,2025-03-06,Sunny
696,8,2025-03-07,Windy
697,8,2025-03-08,Rainy
698,8,2025-03-09,Cloudy
699,8,2025-03-10,Windy
700,8,2025-03-11,Sunny
701,8,2025-03-12,Hot
702,8,2025-03-13,Hot
703,8,2025-03-14,Sunny
704,8,2025-03-15,Cloudy
705,8,2025-03-16,Sunny
706,8,2025-03-17,Cloudy
707,8,2025-03-18,Sunny
708,8,2025-03-19,Cloudy
709,8,2025-03-20,Hot
710,8,2025-03-21,Cloudy
711,8,2025-03-22,Sunny
712,8,2025-03-23,Rainy
713,8,2025-03-24,Rainy
714,8,2025-03-25,Hot
715,8,2025-03-26,Rainy
716,8,2025-03-27,Sunny
717,8,2025-03-28,Cloudy
718,8,2025-03-29,Sunny
719,8,2025-03-30,Sunny
720,8,2025-03-31,Cloudy
721,9,2025-01-01,Sunny
722,9,2025-01-02,Sunny
723,9,2025-01-03,Cloudy
724,9,2025-01-04,Sunny
725,9,2025-01-05,Hot
726,9,2025-01-06,Windy
727,9,2025-01-07,Cloudy
728,9,2025-01-08,Sunny
729,9,2025-01-09,Cloudy
730,9,2025-01-10,Hot
731,9,2025-01-11,Hot
732,9,2025-01-12,Rainy
733,9,2025-01-13,Windy
734,9,2025-01-14,Cloudy
735,9,2025-01-15,Sunny
736,9,2025-01-16,Windy
737,9,2025-01-17,Cloudy
738,9,2025-01-18,Sunny
739,9,2025-01-19,Cloudy
740,9,2025-01-20,Rainy
741,9,2025-01-21,Hot
742,9,2025-01-22,Hot
743,9,2025-01-23,Sunny
744,9,2025-01-24,Windy
745,9,2025-01-25,Windy
746,9,2025-01-26,Hot
747,9,2025-01-27,Rainy
748,9,2025-01-28,Windy
749,9,2025-01-29,Sunny
750,9,2025-01-30,Sunny
751,9,2025-01-31,Windy
752,9,2025-02-01,Rainy
753,9,2025-02-02,Sunny
754,9,2025-02-03,Sunny
755,9,2025-02-04,Sunny
756,9,2025-02-05,Rainy
757,9,2025-02-06,Windy
758,9,2025-02-07,Windy
759,9,2025-02-08,Cloudy
760,9,2025-02-09,Sunny
761,9,2025-02-10,Rainy
762,9,2025-02-11,Windy
763,9,2025-02-12,Rainy
764,9,2025-02-13,Cloudy
765,9,2025-02-14,Cloudy
766,9,2025-02-15,Sunny
767,9,2025-02-16,Cloudy
768,9,2025-02-17,Sunny
769,9,2025-02-18,Sunny
770,9,2025-02-19,Rainy
771,9,2025-02-20,Rainy
772,9,2025-02-21,Windy
773,9,2025-02-22,Sunny
774,9,2025-02-23,Sunny
775,9,2025-02-24,Sunny
776,9,2025-02-25,Sunny
777,9,2025-02-26,Sunny
778,9,2025-02-27,Rainy
779,9,2025-02-28,Sunny
780,9,2025-03-01,Windy
781,9,2025-03-02,Sunny
782,9,2025-03-03,Sunny
783,9,2025-03-04,Hot
784,9,2025-03-05,Sunny
785,9,2025-03-06,Sunny
786,9,2025-03-07,Rainy
787,9,2025-03-08,Rainy
788,9,2025-03-09,Cloudy
789,9,2025-03-10,Rainy
790,9,2025-03-11,Rainy
791,9,2025-03-12,Windy
792,9,2025-03-13,Cloudy
793,9,2025-03-14,Cloudy
794,9,2025-03-15,Cloudy
795,9,2025-03-16,Windy
796,9,2025-03-17,Cloudy
797,9,2025-03-18,Cloudy
798,9,2025-03-19,Sunny
799,9,2025-03-20,Cloudy
800,9,2025-03-21,Rainy
801,9,2025-03-22,Sunny
802,9,2025-03-23,Sunny
803,9,2025-03-24,Rainy
804,9,2025-03-25,Cloudy
805,9,2025-03-26,Rainy
806,9,2025-03-27,Cloudy
807,9,2025-03-28,Rainy
808,9,2025-03-29,Cloudy
809,9,2025-03-30,Cloudy
810,9,2025-03-31,Hot
811,10,2025-01-01,Sunny
812,10,2025-01-02,Hot
813,10,2025-01-03,Cloudy
814,10,2025-01-04,Windy
815,10,2025-01-05,Cloudy
816,10,2025-01-06,Rainy
817,10,2025-01-07,Hot
818,10,2025-01-08,Cloudy
819,10,2025-01-09,Cloudy
820,10,2025-01-10,Sunny
821,10,2025-01-11,Cloudy
822,10,2025-01-12,Sunny
823,10,2025-01-13,Sunny
824,10,2025-01-14,Cloudy
825,10,2025-01-15,Hot
826,10,2025-01-16,Windy
827,10,2025-01-17,Sunny
828,10,2025-01-18,Cloudy
829,10,2025-01-19,Cloudy
830,10,2025-01-20,Sunny
831,10,2025-01-21,Rainy
832,10,2025-01-22,Cloudy
833,10,2025-01-23,Sunny
834,10,2025-01-24,Sunny
835,10,2025-01-25,Hot
836,10,2025-01-26,Sunny
837,10,2025-01-27,Hot
838,10,2025-01-28,Cloudy
839,10,2025-01-29,Rainy
840,10,2025-01-30,Hot
841,10,2025-01-31,Sunny
842,10,2025-02-01,Windy
843,10,2025-02-02,Sunny
844,10,2025-02-03,Sunny
845,10,2025-02-04,Hot
846,10,2025-02-05,Windy
847,10,2025-02-06,Cloudy
848,10,2025-02-07,Rainy
849,10,2025-02-08,Rainy
850,10,2025-02-09,Rainy
851,10,2025-02-10,Cloudy
852,10,2025-02-11,Cloudy
853,10,2025-02-12,Sunny
854,10,2025-02-13,Hot
855,10,2025-02-14,Sunny
856,10,2025-02-15,Hot
857,10,2025-02-16,Windy
858,10,2025-02-17,Hot
859,10,2025-02-18,Windy
860,10,2025-02-19,Sunny
861,10,2025-02-20,Sunny
862,10,2025-02-21,Hot
863,10,2025-02-22,Rainy
864,10,2025-02-23,Hot
865,10,2025-02-24,Rainy
866,10,2025-02-25,Hot
867,10,2025-02-26,Windy
868,10,2025-02-27,Windy
869,10,2025-02-28,Sunny
870,10,2025-03-01,Cloudy
871,10,2025-03-02,Cloudy
872,10,2025-03-03,Sunny
873,10,2025-03-04,Windy
874,10,2025-03-05,Windy
875,10,2025-03-06,Windy
876,10,2025-03-07,Rainy
877,10,2025-03-08,Cloudy
878,10,2025-03-09,Rainy
879,10,2025-03-10,Rainy
880,10,2025-03-11,Rainy
881,10,2025-03-12,Windy
882,10,2025-03-13,Sunny
883,10,2025-03-14,Hot
884,10,2025-03-15,Cloudy
885,10,2025-03-16,Windy
886,10,2025-03-17,Rainy
887,10,2025-03-18,Cloudy
888,10,2025-03-19,Windy
889,10,2025-03-20,Sunny
890,10,2025-03-21,Cloudy
891,10,2025-03-22,Cloudy
892,10,2025-03-23,Sunny
893,10,2025-03-24,Sunny
894,10,2025-03-25,Sunny
895,10,2025-03-26,Sunny
896,10,2025-03-27,Rainy
897,10,2025-03-28,Cloudy
898,10,2025-03-29,Cloudy
899,10,2025-03-30,Windy
900,10,2025-03-31,Rainy
901,11,2025-01-01,Sunny
902,11,2025-01-02,Windy
903,11,2025-01-03,Windy
904,11,2025-01-04,Windy
905,11,2025-01-05,Cloudy
906,11,2025-01-06,Hot
907,11,2025-01-07,Cloudy
908,11,2025-01-08,Rainy
909,11,2025-01-09,Cloudy
910,11,2025-01-10,Rainy
911,11,2025-01-11,Hot
912,11,2025-01-12,Rainy
913,11,2025-01-13,Cloudy
914,11,2025-01-14,Sunny
915,11,2025-01-15,Windy
916,11,2025-01-16,Windy
917,11,2025-01-17,Cloudy
918,11,2025-01-18,Cloudy
919,11,2025-01-19,Hot
920,11,2025-01-20,Rainy
921,11,2025-01-21,Sunny
922,11,2025-01-22,Sunny
923,11,2025-01-23,Hot
924,11,2025-01-24,Hot
925,11,2025-01-25,Sunny
926,11,2025-01-26,Windy
927,11,2025-01-27,Cloudy
928,11,2025-01-28,Sunny
929,11,2025-01-29,Rainy
930,11,2025-01-30,Windy
931,11,2025-01-31,Sunny
932,11,2025-02-01,Cloudy
933,11,2025-02-02,Rainy
934,11,2025-02-03,Windy
935,11,2025-02-04,Sunny
936,11,2025-02-05,Hot
937,11,2025-02-06,Cloudy
938,11,2025-02-07,Rainy
939,11,2025-02-08,Cloudy
940,11,2025-02-09,Rainy
941,11,2025-02-10,Sunny
942,11,2025-02-11,Rainy
943,11,2025-02-12,Hot
944,11,2025-02-13,Sunny
945,11,2025-02-14,Sunny
946,11,2025-02-15,Windy
947,11,2025-02-16,Rainy
948,11,2025-02-17,Sunny
949,11,2025-02-18,Sunny
950,11,2025-02-19,Sunny
951,11,2025-02-20,Windy
952,11,2025-02-21,Rainy
953,11,2025-02-22,Rainy
954,11,2025-02-23,Sunny
955,11,2025-02-24,Windy
956,11,2025-02-25,Windy
957,11,2025-02-26,Hot
958,11,2025-02-27,Hot
959,11,2025-02-28,Cloudy
960,11,2025-03-01,Rainy
961,11,2025-03-02,Sunny
962,11,2025-03-03,Sunny
963,11,2025-03-04,Rainy
964,11,2025-03-05,Cloudy
965,11,2025-03-06,Rainy
966,11,2025-03-07,Sunny
967,11,2025-03-08,Windy
968,11,2025-03-09,Hot
969,11,2025-03-10,Sunny
970,11,2025-03-11,Sunny
971,11,2025-03-12,Cloudy
972,11,2025-03-13,Cloudy
973,11,2025-03-14,Hot
974,11,2025-03-15,Sunny
975,11,2025-03-16,Windy
976,11,2025-03-17,Sunny
977,11,2025-03-18,Rainy
978,11,2025-03-19,Cloudy
979,11,2025-03-20,Hot
980,11,2025-03-21,Rainy
981,11,2025-03-22,Sunny
982,11,2025-03-23,Hot
983,11,2025-03-24,Sunny
984,11,2025-03-25,Sunny
985,11,2025-03-26,Sunny
986,11,2025-03-27,Cloudy
987,11,2025-03-28,Windy
988,11,2025-03-29,Sunny
989,11,2025-03-30,Windy
990,11,2025-03-31,Windy
991,12,2025-01-01,Sunny
992,12,2025-01-02,Hot
993,12,2025-01-03,Rainy
994,12,2025-01-04,Sunny
995,12,2025-01-05,Rainy
996,12,2025-01-06,Rainy
997,12,2025-01-07,Sunny
998,12,2025-01-08,Cloudy
999,12,2025-01-09,Sunny
1000,12,2025-01-10,Rainy
1001,12,2025-01-11,Sunny
1002,12,2025-01-12,Sunny
1003,12,2025-01-13,Sunny
1004,12,2025-01-14,Rainy
1005,12,2025-01-15,Rainy
1006,12,2025-01-16,Rainy
1007,12,2025-01-17,Sunny
1008,12,2025-01-18,Windy
1009,12,2025-01-19,Sunny
1010,12,2025-01-20,Windy
1011,12,2025-01-21,Sunny
1012,12,2025-01-22,Windy
1013,12,2025-01-23,Cloudy
1014,12,2025-01-24,Windy
1015,12,2025-01-25,Sunny
1016,12,2025-01-26,Windy
1017,12,2025-01-27,Hot
1018,12,2025-01-28,Hot
1019,12,2025-01-29,Windy
1020,12,2025-01-30,Rainy
1021,12,2025-01-31,Sunny
1022,12,2025-02-01,Hot
1023,12,2025-02-02,Windy
1024,12,2025-02-03,Hot
1025,12,2025-02-04,Cloudy
1026,12,2025-02-05,Sunny
1027,12,2025-02-06,Hot
1028,12,2025-02-07,Rainy
1029,12,2025-02-08,Sunny
1030,12,2025-02-09,Sunny
1031,12,2025-02-10,Cloudy
1032,12,2025-02-11,Windy
1033,12,2025-02-12,Hot
1034,12,2025-02-13,Sunny
1035,12,2025-02-14,Rainy
1036,12,2025-02-15,Windy
1037,12,2025-02-16,Cloudy
1038,12,2025-02-17,Sunny
1039,12,2025-02-18,Sunny
1040,12,2025-02-19,Windy
1041,12,2025-02-20,Windy
1042,12,2025-02-21,Cloudy
1043,12,2025-02-22,Hot
1044,12,2025-02-23,Cloudy
1045,12,2025-02-24,Sunny
1046,12,2025-02-25,Hot
1047,12,2025-02-26,Windy
1048,12,2025-02-27,Sunny
1049,12,2025-02-28,Windy
1050,12,2025-03-01,Cloudy
1051,12,2025-03-02,Cloudy
1052,12,2025-03-03,Sunny
1053,12,2025-03-04,Rainy
1054,12,2025-03-05,Cloudy
1055,12,2025-03-06,Rainy
1056,12,2025-03-07,Cloudy
1057,12,2025-03-08,Hot
1058,12,2025-03-09,Windy
1059,12,2025-03-10,Hot
1060,12,2025-03-11,Rainy
1061,12,2025-03-12,Rainy
1062,12,2025-03-13,Cloudy
1063,12,2025-03-14,Cloudy
1064,12,2025-03-15,Cloudy
1065,12,2025-03-16,Sunny
1066,12,2025-03-17,Sunny
1067,12,2025-03-18,Sunny
1068,12,2025-03-19,Sunny
1069,12,2025-03-20,Cloudy
1070,12,2025-03-21,Sunny
1071,12,2025-03-22,Rainy
1072,12,2025-03-23,Rainy
1073,12,2025-03-24,Rainy
1074,12,2025-03-25,Rainy
1075,12,2025-03-26,Rainy
1076,12,2025-03-27,Hot
1077,12,2025-03-28,Sunny
1078,12,2025-03-29,Rainy
1079,12,2025-03-30,Rainy
1080,12,2025-03-31,Windy
1081,13,2025-01-01,Sunny
1082,13,2025-01-02,Sunny
1083,13,2025-01-03,Cloudy
1084,13,2025-01-04,Sunny
1085,13,2025-01-05,Cloudy
1086,13,2025-01-06,Sunny
1087,13,2025-01-07,Sunny
1088,13,2025-01-08,Rainy
1089,13,2025-01-09,Sunny
1090,13,2025-01-10,Windy
1091,13,2025-01-11,Hot
1092,13,2025-01-12,Hot
1093,13,2025-01-13,Rainy
1094,13,2025-01-14,Hot
1095,13,2025-01-15,Hot
1096,13,2025-01-16,Sunny
1097,13,2025-01-17,Rainy
1098,13,2025-01-18,Cloudy
1099,13,2025-01-19,Rainy
1100,13,2025-01-20,Hot
1101,13,2025-01-21,Hot
1102,13,2025-01-22,Sunny
1103,13,2025-01-23,Hot
1104,13,2025-01-24,Sunny
1105,13,2025-01-25,Windy
1106,13,2025-01-26,Hot
1107,13,2025-01-27,Rainy
1108,13,2025-01-28,Sunny
1109,13,2025-01-29,Cloudy
1110,13,2025-01-30,Rainy
1111,13,2025-01-31,Cloudy
1112,13,2025-02-01,Cloudy
1113,13,2025-02-02,Hot
1114,13,2025-02-03,Cloudy
1115,13,2025-02-04,Cloudy
1116,13,2025-02-05,Cloudy
1117,13,2025-02-06,Windy
1118,13,2025-02-07,Sunny
1119,13,2025-02-08,Hot
1120,13,2025-02-09,Hot
1121,13,2025-02-10,Hot
1122,13,2025-02-11,Hot
1123,13,2025-02-12,Cloudy
1124,13,2025-02-13,Rainy
1125,13,2025-02-14,Rainy
1126,13,2025-02-15,Windy
1127,13,2025-02-16,Rainy
1128,13,2025-02-17,Cloudy
1129,13,2025-02-18,Sunny
1130,13,2025-02-19,Hot
1131,13,2025-02-20,Rainy
1132,13,2025-02-21,Hot
1133,13,2025-02-22,Hot
1134,13,2025-02-23,Cloudy
1135,13,2025-02-24,Rainy
1136,13,2025-02-25,Cloudy
1137,13,2025-02-26,Windy
1138,13,2025-02-27,Rainy
1139,13,2025-02-28,Windy
1140,13,2025-03-01,Sunny
1141,13,2025-03-02,Sunny
1142,13,2025-03-03,Sunny
1143,13,2025-03-04,Sunny
1144,13,2025-03-05,Cloudy
1145,13,2025-03-06,Windy
1146,13,2025-03-07,Sunny
1147,13,2025-03-08,Rainy
1148,13,2025-03-09,Windy
1149,13,2025-03-10,Windy
1150,13,2025-03-11,Cloudy
1151,13,2025-03-12,Rainy
1152,13,2025-03-13,Cloudy
1153,13,2025-03-14,Sunny
1154,13,2025-03-15,Sunny
1155,13,2025-03-16,Hot
1156,13,2025-03-17,Windy
1157,13,2025-03-18,Sunny
1158,13,2025-03-19,Sunny
1159,13,2025-03-20,Rainy
1160,13,2025-03-21,Sunny
1161,13,2025-03-22,Rainy
1162,13,2025-03-23,Hot
1163,13,2025-03-24,Sunny
1164,13,2025-03-25,Rainy
1165,13,2025-03-26,Sunny
1166,13,2025-03-27,Sunny
1167,13,2025-03-28,Cloudy
1168,13,2025-03-29,Hot
1169,13,2025-03-30,Rainy
1170,13,2025-03-31,Rainy
1171,14,2025-01-01,Windy
1172,14,2025-01-02,Cloudy
1173,14,2025-01-03,Windy
1174,14,2025-01-04,Windy
1175,14,2025-01-05,Sunny
1176,14,2025-01-06,Windy
1177,14,2025-01-07,Cloudy
1178,14,2025-01-08,Hot
1179,14,2025-01-09,Windy
1180,14,2025-01-10,Sunny
1181,14,2025-01-11,Rainy
1182,14,2025-01-12,Rainy
1183,14,2025-01-13,Rainy
1184,14,2025-01-14,Hot
1185,14,2025-01-15,Rainy
1186,14,2025-01-16,Cloudy
1187,14,2025-01-17,Rainy
1188,14,2025-01-18,Windy
1189,14,2025-01-19,Rainy
1190,14,2025-01-20,Sunny
1191,14,2025-01-21,Cloudy
1192,14,2025-01-22,Windy
1193,14,2025-01-23,Sunny
1194,14,2025-01-24,Rainy
1195,14,2025-01-25,Cloudy
1196,14,2025-01-26,Sunny
1197,14,2025-01-27,Cloudy
1198,14,2025-01-28,Windy
1199,14,2025-01-29,Rainy
1200,14,2025-01-30,Cloudy
1201,14,2025-01-31,Hot
1202,14,2025-02-01,Sunny
1203,14,2025-02-02,Sunny
1204,14,2025-02-03,Cloudy
1205,14,2025-02-04,Hot
1206,14,2025-02-05,Rainy
1207,14,2025-02-06,Rainy
1208,14,2025-02-07,Cloudy
1209,14,2025-02-08,Sunny
1210,14,2025-02-09,Cloudy
1211,14,2025-02-10,Hot
1212,14,2025-02-11,Sunny
1213,14,2025-02-12,Hot
1214,14,2025-02-13,Cloudy
1215,14,2025-02-14,Windy
1216,14,2025-02-15,Hot
1217,14,2025-02-16,Cloudy
1218,14,2025-02-17,Windy
1219,14,2025-02-18,Hot
1220,14,2025-02-19,Cloudy
1221,14,2025-02-20,Sunny
1222,14,2025-02-21,Windy
1223,14,2025-02-22,Windy
1224,14,2025-02-23,Hot
1225,14,2025-02-24,Sunny
1226,14,2025-02-25,Sunny
1227,14,2025-02-26,Sunny
1228,14,2025-02-27,Sunny
1229,14,2025-02-28,Sunny
1230,14,2025-03-01,Windy
1231,14,2025-03-02,Sunny
1232,14,2025-03-03,Rainy
1233,14,2025-03-04,Cloudy
1234,14,2025-03-05,Cloudy
1235,14,2025-03-06,Sunny
1236,14,2025-03-07,Sunny
1237,14,2025-03-08,Sunny
1238,14,2025-03-09,Hot
1239,14,2025-03-10,Sunny
1240,14,2025-03-11,Cloudy
1241,14,2025-03-12,Windy
1242,14,2025-03-13,Cloudy
1243,14,2025-03-14,Cloudy
1244,14,2025-03-15,Cloudy
1245,14,2025-03-16,Rainy
1246,14,2025-03-17,Windy
1247,14,2025-03-18,Sunny
1248,14,2025-03-19,Rainy
1249,14,2025-03-20,Hot
1250,14,2025-03-21,Hot
1251,14,2025-03-22,Windy
1252,14,2025-03-23,Windy
1253,14,2025-03-24,Sunny
1254,14,2025-03-25,Sunny
1255,14,2025-03-26,Cloudy
1256,14,2025-03-27,Cloudy
1257,14,2025-03-28,Hot
1258,14,2025-03-29,Sunny
1259,14,2025-03-30,Rainy
1260,14,2025-03-31,Cloudy
1261,15,2025-01-01,Hot
1262,15,2025-01-02,Rainy
1263,15,2025-01-03,Windy
1264,15,2025-01-04,Windy
1265,15,2025-01-05,Windy
1266,15,2025-01-06,Cloudy
1267,15,2025-01-07,Cloudy
1268,15,2025-01-08,Rainy
1269,15,2025-01-09,Sunny
1270,15,2025-01-10,Windy
1271,15,2025-01-11,Rainy
1272,15,2025-01-12,Rainy
1273,15,2025-01-13,Hot
1274,15,2025-01-14,Rainy
1275,15,2025-01-15,Rainy
1276,15,2025-01-16,Windy
1277,15,2025-01-17,Windy
1278,15,2025-01-18,Cloudy
1279,15,2025-01-19,Cloudy
1280,15,2025-01-20,Windy
1281,15,2025-01-21,Rainy
1282,15,2025-01-22,Cloudy
1283,15,2025-01-23,Hot
1284,15,2025-01-24,Sunny
1285,15,2025-01-25,Hot
1286,15,2025-01-26,Sunny
1287,15,2025-01-27,Cloudy
1288,15,2025-01-28,Rainy
1289,15,2025-01-29,Hot
1290,15,2025-01-30,Sunny
1291,15,2025-01-31,Sunny
1292,15,2025-02-01,Sunny
1293,15,2025-02-02,Hot
1294,15,2025-02-03,Sunny
1295,15,2025-02-04,Rainy
1296,15,2025-02-05,Windy
1297,15,2025-02-06,Sunny
1298,15,2025-02-07,Sunny
1299,15,2025-02-08,Sunny
1300,15,2025-02-09,Windy
1301,15,2025-02-10,Sunny
1302,15,2025-02-11,Sunny
1303,15,2025-02-12,Cloudy
1304,15,2025-02-13,Rainy
1305,15,2025-02-14,Hot
1306,15,2025-02-15,Windy
1307,15,2025-02-16,Rainy
1308,15,2025-02-17,Rainy
1309,15,2025-02-18,Sunny
1310,15,2025-02-19,Cloudy
1311,15,2025-02-20,Sunny
1312,15,2025-02-21,Rainy
1313,15,2025-02-22,Cloudy
1314,15,2025-02-23,Windy
1315,15,2025-02-24,Rainy
1316,15,2025-02-25,Sunny
1317,15,2025-02-26,Sunny
1318,15,2025-02-27,Cloudy
1319,15,2025-02-28,Rainy
1320,15,2025-03-01,Rainy
1321,15,2025-03-02,Sunny
1322,15,2025-03-03,Sunny
1323,15,2025-03-04,Windy
1324,15,2025-03-05,Hot
1325,15,2025-03-06,Hot
1326,15,2025-03-07,Sunny
1327,15,2025-03-08,Rainy
1328,15,2025-03-09,Hot
1329,15,2025-03-10,Cloudy
1330,15,2025-03-11,Windy
1331,15,2025-03-12,Windy
1332,15,2025-03-13,Rainy
1333,15,2025-03-14,Rainy
1334,15,2025-03-15,Rainy
1335,15,2025-03-16,Cloudy
1336,15,2025-03-17,Windy
1337,15,2025-03-18,Cloudy
1338,15,2025-03-19,Sunny
1339,15,2025-03-20,Sunny
1340,15,2025-03-21,Hot
1341,15,2025-03-22,Hot
1342,15,2025-03-23,Windy
1343,15,2025-03-24,Sunny
1344,15,2025-03-25,Hot
1345,15,2025-03-26,Cloudy
1346,15,2025-03-27,Sunny
1347,15,2025-03-28,Windy
1348,15,2025-03-29,Rainy
1349,15,2025-03-30,Cloudy
1350,15,2025-03-31,Cloudy
1351,16,2025-01-01,Windy
1352,16,2025-01-02,Windy
1353,16,2025-01-03,Sunny
1354,16,2025-01-04,Windy
1355,16,2025-01-05,Windy
1356,16,2025-01-06,Windy
1357,16,2025-01-07,Sunny
1358,16,2025-01-08,Rainy
1359,16,2025-01-09,Rainy
1360,16,2025-01-10,Hot
1361,16,2025-01-11,Sunny
1362,16,2025-01-12,Cloudy
1363,16,2025-01-13,Sunny
1364,16,2025-01-14,Sunny
1365,16,2025-01-15,Sunny
1366,16,2025-01-16,Windy
1367,16,2025-01-17,Cloudy
1368,16,2025-01-18,Cloudy
1369,16,2025-01-19,Cloudy
1370,16,2025-01-20,Hot
1371,16,2025-01-21,Hot
1372,16,2025-01-22,Windy
1373,16,2025-01-23,Windy
1374,16,2025-01-24,Rainy
1375,16,2025-01-25,Hot
1376,16,2025-01-26,Sunny
1377,16,2025-01-27,Sunny
1378,16,2025-01-28,Rainy
1379,16,2025-01-29,Sunny
1380,16,2025-01-30,Rainy
1381,16,2025-01-31,Sunny
1382,16,2025-02-01,Rainy
1383,16,2025-02-02,Windy
1384,16,2025-02-03,Cloudy
1385,16,2025-02-04,Hot
1386,16,2025-02-05,Cloudy
1387,16,2025-02-06,Windy
1388,16,2025-02-07,Sunny
1389,16,2025-02-08,Windy
1390,16,2025-02-09,Cloudy
1391,16,2025-02-10,Rainy
1392,16,2025-02-11,Hot
1393,16,2025-02-12,Windy
1394,16,2025-02-13,Cloudy
1395,16,2025-02-14,Hot
1396,16,2025-02-15,Rainy
1397,16,2025-02-16,Cloudy
1398,16,2025-02-17,Cloudy
1399,16,2025-02-18,Sunny
1400,16,2025-02-19,Cloudy
1401,16,2025-02-20,Cloudy
1402,16,2025-02-21,Cloudy
1403,16,2025-02-22,Windy
1404,16,2025-02-23,Cloudy
1405,16,2025-02-24,Cloudy
1406,16,2025-02-25,Cloudy
1407,16,2025-02-26,Hot
1408,16,2025-02-27,Sunny
1409,16,2025-02-28,Sunny
1410,16,2025-03-01,Cloudy
1411,16,2025-03-02,Rainy
1412,16,2025-03-03,Cloudy
1413,16,2025-03-04,Cloudy
1414,16,2025-03-05,Cloudy
1415,16,2025-03-06,Sunny
1416,16,2025-03-07,Sunny
1417,16,2025-03-08,Sunny
1418,16,2025-03-09,Windy
1419,16,2025-03-10,Windy
1420,16,2025-03-11,Rainy
1421,16,2025-03-12,Windy
1422,16,2025-03-13,Rainy
1423,16,2025-03-14,Hot
1424,16,2025-03-15,Rainy
1425,16,2025-03-16,Rainy
1426,16,2025-03-17,Cloudy
1427,16,2025-03-18,Rainy
1428,16,2025-03-19,Hot
1429,16,2025-03-20,Sunny
1430,16,2025-03-21,Cloudy
1431,16,2025-03-22,Windy
1432,16,2025-03-23,Sunny
1433,16,2025-03-24,Cloudy
1434,16,2025-03-25,Cloudy
1435,16,2025-03-26,Rainy
1436,16,2025-03-27,Hot
1437,16,2025-03-28,Sunny
1438,16,2025-03-29,Cloudy
1439,16,2025-03-30,Cloudy
1440,16,2025-03-31,Hot
1441,17,2025-01-01,Sunny
1442,17,2025-01-02,Rainy
1443,17,2025-01-03,Sunny
1444,17,2025-01-04,Hot
1445,17,2025-01-05,Cloudy
1446,17,2025-01-06,Windy
1447,17,2025-01-07,Rainy
1448,17,2025-01-08,Windy
1449,17,2025-01-09,Cloudy
1450,17,2025-01-10,Hot
1451,17,2025-01-11,Windy
1452,17,2025-01-12,Windy
1453,17,2025-01-13,Windy
1454,17,2025-01-14,Rainy
1455,17,2025-01-15,Rainy
1456,17,2025-01-16,Rainy
1457,17,2025-01-17,Rainy
1458,17,2025-01-18,Windy
1459,17,2025-01-19,Cloudy
1460,17,2025-01-20,Cloudy
1461,17,2025-01-21,Cloudy
1462,17,2025-01-22,Sunny
1463,17,2025-01-23,Cloudy
1464,17,2025-01-24,Sunny
1465,17,2025-01-25,Cloudy
1466,17,2025-01-26,Rainy
1467,17,2025-01-27,Sunny
1468,17,2025-01-28,Rainy
1469,17,2025-01-29,Sunny
1470,17,2025-01-30,Windy
1471,17,2025-01-31,Rainy
1472,17,2025-02-01,Sunny
1473,17,2025-02-02,Sunny
1474,17,2025-02-03,Hot
1475,17,2025-02-04,Rainy
1476,17,2025-02-05,Windy
1477,17,2025-02-06,Rainy
1478,17,2025-02-07,Sunny
1479,17,2025-02-08,Windy
1480,17,2025-02-09,Sunny
1481,17,2025-02-10,Hot
1482,17,2025-02-11,Cloudy
1483,17,2025-02-12,Hot
1484,17,2025-02-13,Hot
1485,17,2025-02-14,Rainy
1486,17,2025-02-15,Rainy
1487,17,2025-02-16,Hot
1488,17,2025-02-17,Hot
1489,17,2025-02-18,Sunny
1490,17,2025-02-19,Windy
1491,17,2025-02-20,Windy
1492,17,2025-02-21,Cloudy
1493,17,2025-02-22,Sunny
1494,17,2025-02-23,Cloudy
1495,17,2025-02-24,Rainy
1496,17,2025-02-25,Sunny
1497,17,2025-02-26,Rainy
1498,17,2025-02-27,Hot
1499,17,2025-02-28,Rainy
1500,17,2025-03-01,Rainy
1501,17,2025-03-02,Sunny
1502,17,2025-03-03,Rainy
1503,17,2025-03-04,Sunny
1504,17,2025-03-05,Cloudy
1505,17,2025-03-06,Hot
1506,17,2025-03-07,Rainy
1507,17,2025-03-08,Hot
1508,17,2025-03-09,Windy
1509,17,2025-03-10,Sunny
1510,17,2025-03-11,Rainy
1511,17,2025-03-12,Rainy
1512,17,2025-03-13,Sunny
1513,17,2025-03-14,Hot
1514,17,2025-03-15,Sunny
1515,17,2025-03-16,Rainy
1516,17,2025-03-17,Cloudy
1517,17,2025-03-18,Windy
1518,17,2025-03-19,Sunny
1519,17,2025-03-20,Sunny
1520,17,2025-03-21,Sunny
1521,17,2025-03-22,Rainy
1522,17,2025-03-23,Windy
1523,17,2025-03-24,Sunny
1524,17,2025-03-25,Cloudy
1525,17,2025-03-26,Hot
1526,17,2025-03-27,Rainy
1527,17,2025-03-28,Hot
1528,17,2025-03-29,Rainy
1529,17,2025-03-30,Hot
1530,17,2025-03-31,Rainy
1531,18,2025-01-01,Hot
1532,18,2025-01-02,Cloudy
1533,18,2025-01-03,Sunny
1534,18,2025-01-04,Sunny
1535,18,2025-01-05,Rainy
1536,18,2025-01-06,Rainy
1537,18,2025-01-07,Hot
1538,18,2025-01-08,Windy
1539,18,2025-01-09,Rainy
1540,18,2025-01-10,Rainy
1541,18,2025-01-11,Sunny
1542,18,2025-01-12,Cloudy
1543,18,2025-01-13,Cloudy
1544,18,2025-01-14,Cloudy
1545,18,2025-01-15,Rainy
1546,18,2025-01-16,Rainy
1547,18,2025-01-17,Hot
1548,18,2025-01-18,Sunny
1549,18,2025-01-19,Windy
1550,18,2025-01-20,Sunny
1551,18,2025-01-21,Cloudy
1552,18,2025-01-22,Hot
1553,18,2025-01-23,Hot
1554,18,2025-01-24,Rainy
1555,18,2025-01-25,Sunny
1556,18,2025-01-26,Cloudy
1557,18,2025-01-27,Rainy
1558,18,2025-01-28,Sunny
1559,18,2025-01-29,Cloudy
1560,18,2025-01-30,Rainy
1561,18,2025-01-31,Sunny
1562,18,2025-02-01,Hot
1563,18,2025-02-02,Windy
1564,18,2025-02-03,Cloudy
1565,18,2025-02-04,Rainy
1566,18,2025-02-05,Cloudy
1567,18,2025-02-06,Windy
1568,18,2025-02-07,Rainy
1569,18,2025-02-08,Cloudy
1570,18,2025-02-09,Rainy
1571,18,2025-02-10,Rainy
1572,18,2025-02-11,Cloudy
1573,18,2025-02-12,Hot
1574,18,2025-02-13,Windy
1575,18,2025-02-14,Sunny
1576,18,2025-02-15,Sunny
1577,18,2025-02-16,Hot
1578,18,2025-02-17,Rainy
1579,18,2025-02-18,Sunny
1580,18,2025-02-19,Windy
1581,18,2025-02-20,Sunny
1582,18,2025-02-21,Hot
1583,18,2025-02-22,Rainy
1584,18,2025-02-23,Windy
1585,18,2025-02-24,Sunny
1586,18,2025-02-25,Cloudy
1587,18,2025-02-26,Cloudy
1588,18,2025-02-27,Windy
1589,18,2025-02-28,Hot
1590,18,2025-03-01,Sunny
1591,18,2025-03-02,Windy
1592,18,2025-03-03,Sunny
1593,18,2025-03-04,Rainy
1594,18,2025-03-05,Hot
1595,18,2025-03-06,Rainy
1596,18,2025-03-07,Cloudy
1597,18,2025-03-08,Rainy
1598,18,2025-03-09,Cloudy
1599,18,2025-03-10,Rainy
1600,18,2025-03-11,Rainy
1601,18,2025-03-12,Sunny
1602,18,2025-03-13,Hot
1603,18,2025-03-14,Cloudy
1604,18,2025-03-15,Rainy
1605,18,2025-03-16,Rainy
1606,18,2025-03-17,Sunny
1607,18,2025-03-18,Windy
1608,18,2025-03-19,Windy
1609,18,2025-03-20,Sunny
1610,18,2025-03-21,Cloudy
1611,18,2025-03-22,Sunny
1612,18,2025-03-23,Cloudy
1613,18,2025-03-24,Windy
1614,18,2025-03-25,Rainy
1615,18,2025-03-26,Rainy
1616,18,2025-03-27,Windy
1617,18,2025-03-28,Cloudy
1618,18,2025-03-29,Rainy
1619,18,2025-03-30,Sunny
1620,18,2025-03-31,Rainy
1621,19,2025-01-01,Rainy
1622,19,2025-01-02,Rainy
1623,19,2025-01-03,Rainy
1624,19,2025-01-04,Rainy
1625,19,2025-01-05,Cloudy
1626,19,2025-01-06,Windy
1627,19,2025-01-07,Sunny
1628,19,2025-01-08,Sunny
1629,19,2025-01-09,Hot
1630,19,2025-01-10,Windy
1631,19,2025-01-11,Sunny
1632,19,2025-01-12,Sunny
1633,19,2025-01-13,Windy
1634,19,2025-01-14,Hot
1635,19,2025-01-15,Sunny
1636,19,2025-01-16,Rainy
1637,19,2025-01-17,Hot
1638,19,2025-01-18,Sunny
1639,19,2025-01-19,Hot
1640,19,2025-01-20,Sunny
1641,19,2025-01-21,Rainy
1642,19,2025-01-22,Rainy
1643,19,2025-01-23,Cloudy
1644,19,2025-01-24,Sunny
1645,19,2025-01-25,Sunny
1646,19,2025-01-26,Rainy
1647,19,2025-01-27,Hot
1648,19,2025-01-28,Rainy
1649,19,2025-01-29,Cloudy
1650,19,2025-01-30,Cloudy
1651,19,2025-01-31,Rainy
1652,19,2025-02-01,Hot
1653,19,2025-02-02,Sunny
1654,19,2025-02-03,Hot
1655,19,2025-02-04,Hot
1656,19,2025-02-05,Cloudy
1657,19,2025-02-06,Sunny
1658,19,2025-02-07,Cloudy
1659,19,2025-02-08,Cloudy
1660,19,2025-02-09,Hot
1661,19,2025-02-10,Rainy
1662,19,2025-02-11,Sunny
1663,19,2025-02-12,Rainy
1664,19,2025-02-13,Sunny
1665,19,2025-02-14,Cloudy
1666,19,2025-02-15,Rainy
1667,19,2025-02-16,Sunny
1668,19,2025-02-17,Rainy
1669,19,2025-02-18,Hot
1670,19,2025-02-19,Sunny
1671,19,2025-02-20,Hot
1672,19,2025-02-21,Hot
1673,19,2025-02-22,Windy
1674,19,2025-02-23,Hot
1675,19,2025-02-24,Cloudy
1676,19,2025-02-25,Rainy
1677,19,2025-02-26,Hot
1678,19,2025-02-27,Hot
1679,19,2025-02-28,Rainy
1680,19,2025-03-01,Rainy
1681,19,2025-03-02,Rainy
1682,19,2025-03-03,Hot
1683,19,2025-03-04,Sunny
1684,19,2025-03-05,Rainy
1685,19,2025-03-06,Cloudy
1686,19,2025-03-07,Hot
1687,19,2025-03-08,Rainy
1688,19,2025-03-09,Sunny
1689,19,2025-03-10,Rainy
1690,19,2025-03-11,Sunny
1691,19,2025-03-12,Sunny
1692,19,2025-03-13,Rainy
1693,19,2025-03-14,Cloudy
1694,19,2025-03-15,Windy
1695,19,2025-03-16,Windy
1696,19,2025-03-17,Cloudy
1697,19,2025-03-18,Sunny
1698,19,2025-03-19,Cloudy
1699,19,2025-03-20,Cloudy
1700,19,2025-03-21,Sunny
1701,19,2025-03-22,Sunny
1702,19,2025-03-23,Sunny
1703,19,2025-03-24,Rainy
1704,19,2025-03-25,Cloudy
1705,19,2025-03-26,Windy
1706,19,2025-03-27,Rainy
1707,19,2025-03-28,Sunny
1708,19,2025-03-29,Windy
1709,19,2025-03-30,Cloudy
1710,19,2025-03-31,Rainy
1711,20,2025-01-01,Sunny
1712,20,2025-01-02,Sunny
1713,20,2025-01-03,Rainy
1714,20,2025-01-04,Sunny
1715,20,2025-01-05,Hot
1716,20,2025-01-06,Sunny
1717,20,2025-01-07,Sunny
1718,20,2025-01-08,Windy
1719,20,2025-01-09,Sunny
1720,20,2025-01-10,Sunny
1721,20,2025-01-11,Rainy
1722,20,2025-01-12,Rainy
1723,20,2025-01-13,Hot
1724,20,2025-01-14,Rainy
1725,20,2025-01-15,Windy
1726,20,2025-01-16,Sunny
1727,20,2025-01-17,Cloudy
1728,20,2025-01-18,Rainy
1729,20,2025-01-19,Cloudy
1730,20,2025-01-20,Sunny
1731,20,2025-01-21,Rainy
1732,20,2025-01-22,Windy
1733,20,2025-01-23,Sunny
1734,20,2025-01-24,Rainy
1735,20,2025-01-25,Sunny
1736,20,2025-01-26,Sunny
1737,20,2025-01-27,Windy
1738,20,2025-01-28,Cloudy
1739,20,2025-01-29,Hot
1740,20,2025-01-30,Sunny
1741,20,2025-01-31,Sunny
1742,20,2025-02-01,Rainy
1743,20,2025-02-02,Cloudy
1744,20,2025-02-03,Sunny
1745,20,2025-02-04,Hot
1746,20,2025-02-05,Sunny
1747,20,2025-02-06,Sunny
1748,20,2025-02-07,Windy
1749,20,2025-02-08,Cloudy
1750,20,2025-02-09,Sunny
1751,20,2025-02-10,Cloudy
1752,20,2025-02-11,Rainy
1753,20,2025-02-12,Sunny
1754,20,2025-02-13,Sunny
1755,20,2025-02-14,Cloudy
1756,20,2025-02-15,Hot
1757,20,2025-02-16,Hot
1758,20,2025-02-17,Cloudy
1759,20,2025-02-18,Hot
1760,20,2025-02-19,Windy
1761,20,2025-02-20,Rainy
1762,20,2025-02-21,Cloudy
1763,20,2025-02-22,Sunny
1764,20,2025-02-23,Sunny
1765,20,2025-02-24,Cloudy
1766,20,2025-02-25,Sunny
1767,20,2025-02-26,Sunny
1768,20,2025-02-27,Rainy
1769,20,2025-02-28,Sunny
1770,20,2025-03-01,Rainy
1771,20,2025-03-02,Windy
1772,20,2025-03-03,Hot
1773,20,2025-03-04,Rainy
1774,20,2025-03-05,Cloudy
1775,20,2025-03-06,Rainy
1776,20,2025-03-07,Sunny
1777,20,2025-03-08,Sunny
1778,20,2025-03-09,Rainy
1779,20,2025-03-10,Rainy
1780,20,2025-03-11,Hot
1781,20,2025-03-12,Hot
1782,20,2025-03-13,Cloudy
1783,20,2025-03-14,Sunny
1784,20,2025-03-15,Sunny
1785,20,2025-03-16,Hot
1786,20,2025-03-17,Windy
1787,20,2025-03-18,Hot
1788,20,2025-03-19,Hot
1789,20,2025-03-20,Windy
1790,20,2025-03-21,Sunny
1791,20,2025-03-22,Rainy
1792,20,2025-03-23,Hot
1793,20,2025-03-24,Windy
1794,20,2025-03-25,Sunny
1795,20,2025-03-26,Windy
1796,20,2025-03-27,Hot
1797,20,2025-03-28,Cloudy
1798,20,2025-03-29,Rainy
1799,20,2025-03-30,Hot
1800,20,2025-03-31,Sunny
1801,21,2025-01-01,Sunny
1802,21,2025-01-02,Windy
1803,21,2025-01-03,Sunny
1804,21,2025-01-04,Cloudy
1805,21,2025-01-05,Hot
1806,21,2025-01-06,Cloudy
1807,21,2025-01-07,Rainy
1808,21,2025-01-08,Windy
1809,21,2025-01-09,Cloudy
1810,21,2025-01-10,Rainy
1811,21,2025-01-11,Cloudy
1812,21,2025-01-12,Cloudy
1813,21,2025-01-13,Hot
1814,21,2025-01-14,Rainy
1815,21,2025-01-15,Hot
1816,21,2025-01-16,Windy
1817,21,2025-01-17,Rainy
1818,21,2025-01-18,Sunny
1819,21,2025-01-19,Rainy
1820,21,2025-01-20,Windy
1821,21,2025-01-21,Sunny
1822,21,2025-01-22,Rainy
1823,21,2025-01-23,Cloudy
1824,21,2025-01-24,Sunny
1825,21,2025-01-25,Cloudy
1826,21,2025-01-26,Rainy
1827,21,2025-01-27,Hot
1828,21,2025-01-28,Windy
1829,21,2025-01-29,Sunny
1830,21,2025-01-30,Cloudy
1831,21,2025-01-31,Sunny
1832,21,2025-02-01,Sunny
1833,21,2025-02-02,Windy
1834,21,2025-02-03,Sunny
1835,21,2025-02-04,Rainy
1836,21,2025-02-05,Rainy
1837,21,2025-02-06,Windy
1838,21,2025-02-07,Cloudy
1839,21,2025-02-08,Rainy
1840,21,2025-02-09,Cloudy
1841,21,2025-02-10,Sunny
1842,21,2025-02-11,Rainy
1843,21,2025-02-12,Sunny
1844,21,2025-02-13,Hot
1845,21,2025-02-14,Hot
1846,21,2025-02-15,Hot
1847,21,2025-02-16,Hot
1848,21,2025-02-17,Hot
1849,21,2025-02-18,Sunny
1850,21,2025-02-19,Rainy
1851,21,2025-02-20,Sunny
1852,21,2025-02-21,Hot
1853,21,2025-02-22,Rainy
1854,21,2025-02-23,Sunny
1855,21,2025-02-24,Hot
1856,21,2025-02-25,Sunny
1857,21,2025-02-26,Cloudy
1858,21,2025-02-27,Rainy
1859,21,2025-02-28,Hot
1860,21,2025-03-01,Sunny
1861,21,2025-03-02,Windy
1862,21,2025-03-03,Cloudy
1863,21,2025-03-04,Cloudy
1864,21,2025-03-05,Windy
1865,21,2025-03-06,Cloudy
1866,21,2025-03-07,Sunny
1867,21,2025-03-08,Sunny
1868,21,2025-03-09,Hot
1869,21,2025-03-10,Sunny
1870,21,2025-03-11,Sunny
1871,21,2025-03-12,Rainy
1872,21,2025-03-13,Sunny
1873,21,2025-03-14,Sunny
1874,21,2025-03-15,Sunny
1875,21,2025-03-16,Cloudy
1876,21,2025-03-17,Cloudy
1877,21,2025-03-18,Windy
1878,21,2025-03-19,Cloudy
1879,21,2025-03-20,Cloudy
1880,21,2025-03-21,Windy
1881,21,2025-03-22,Rainy
1882,21,2025-03-23,Cloudy
1883,21,2025-03-24,Cloudy
1884,21,2025-03-25,Windy
1885,21,2025-03-26,Rainy
1886,21,2025-03-27,Sunny
1887,21,2025-03-28,Windy
1888,21,2025-03-29,Windy
1889,21,2025-03-30,Rainy
1890,21,2025-03-31,Rainy
1891,22,2025-01-01,Sunny
1892,22,2025-01-02,Hot
1893,22,2025-01-03,Sunny
1894,22,2025-01-04,Rainy
1895,22,2025-01-05,Sunny
1896,22,2025-01-06,Hot
1897,22,2025-01-07,Rainy
1898,22,2025-01-08,Hot
1899,22,2025-01-09,Hot
1900,22,2025-01-10,Windy
1901,22,2025-01-11,Windy
1902,22,2025-01-12,Hot
1903,22,2025-01-13,Cloudy
1904,22,2025-01-14,Windy
1905,22,2025-01-15,Rainy
1906,22,2025-01-16,Hot
1907,22,2025-01-17,Windy
1908,22,2025-01-18,Sunny
1909,22,2025-01-19,Rainy
1910,22,2025-01-20,Windy
1911,22,2025-01-21,Sunny
1912,22,2025-01-22,Cloudy
1913,22,2025-01-23,Rainy
1914,22,2025-01-24,Rainy
1915,22,2025-01-25,Windy
1916,22,2025-01-26,Windy
1917,22,2025-01-27,Rainy
1918,22,2025-01-28,Cloudy
1919,22,2025-01-29,Windy
1920,22,2025-01-30,Rainy
1921,22,2025-01-31,Rainy
1922,22,2025-02-01,Sunny
1923,22,2025-02-02,Hot
1924,22,2025-02-03,Hot
1925,22,2025-02-04,Rainy
1926,22,2025-02-05,Cloudy
1927,22,2025-02-06,Hot
1928,22,2025-02-07,Windy
1929,22,2025-02-08,Rainy
1930,22,2025-02-09,Sunny
1931,22,2025-02-10,Cloudy
1932,22,2025-02-11,Hot
1933,22,2025-02-12,Cloudy
1934,22,2025-02-13,Cloudy
1935,22,2025-02-14,Windy
1936,22,2025-02-15,Rainy
1937,22,2025-02-16,Sunny
1938,22,2025-02-17,Rainy
1939,22,2025-02-18,Cloudy
1940,22,2025-02-19,Rainy
1941,22,2025-02-20,Sunny
1942,22,2025-02-21,Windy
1943,22,2025-02-22,Sunny
1944,22,2025-02-23,Sunny
1945,22,2025-02-24,Rainy
1946,22,2025-02-25,Rainy
1947,22,2025-02-26,Windy
1948,22,2025-02-27,Cloudy
1949,22,2025-02-28,Sunny
1950,22,2025-03-01,Rainy
1951,22,2025-03-02,Rainy
1952,22,2025-03-03,Sunny
1953,22,2025-03-04,Hot
1954,22,2025-03-05,Sunny
1955,22,2025-03-06,Cloudy
1956,22,2025-03-07,Sunny
1957,22,2025-03-08,Rainy
1958,22,2025-03-09,Rainy
1959,22,2025-03-10,Cloudy
1960,22,2025-03-11,Rainy
1961,22,2025-03-12,Rainy
1962,22,2025-03-13,Sunny
1963,22,2025-03-14,Sunny
1964,22,2025-03-15,Cloudy
1965,22,2025-03-16,Sunny
1966,22,2025-03-17,Windy
1967,22,2025-03-18,Sunny
1968,22,2025-03-19,Cloudy
1969,22,2025-03-20,Rainy
1970,22,2025-03-21,Windy
1971,22,2025-03-22,Cloudy
1972,22,2025-03-23,Cloudy
1973,22,2025-03-24,Hot
1974,22,2025-03-25,Hot
1975,22,2025-03-26,Cloudy
1976,22,2025-03-27,Cloudy
1977,22,2025-03-28,Cloudy
1978,22,2025-03-29,Hot
1979,22,2025-03-30,Windy
1980,22,2025-03-31,Sunny
1981,23,2025-01-01,Rainy
1982,23,2025-01-02,Hot
1983,23,2025-01-03,Sunny
1984,23,2025-01-04,Rainy
1985,23,2025-01-05,Cloudy
1986,23,2025-01-06,Cloudy
1987,23,2025-01-07,Hot
1988,23,2025-01-08,Sunny
1989,23,2025-01-09,Rainy
1990,23,2025-01-10,Sunny
1991,23,2025-01-11,Hot
1992,23,2025-01-12,Windy
1993,23,2025-01-13,Rainy
1994,23,2025-01-14,Cloudy
1995,23,2025-01-15,Sunny
1996,23,2025-01-16,Windy
1997,23,2025-01-17,Hot
1998,23,2025-01-18,Windy
1999,23,2025-01-19,Cloudy
2000,23,2025-01-20,Windy
2001,23,2025-01-21,Sunny
2002,23,2025-01-22,Rainy
2003,23,2025-01-23,Hot
2004,23,2025-01-24,Sunny
2005,23,2025-01-25,Rainy
2006,23,2025-01-26,Cloudy
2007,23,2025-01-27,Hot
2008,23,2025-01-28,Cloudy
2009,23,2025-01-29,Sunny
2010,23,2025-01-30,Windy
2011,23,2025-01-31,Sunny
2012,23,2025-02-01,Windy
2013,23,2025-02-02,Hot
2014,23,2025-02-03,Cloudy
2015,23,2025-02-04,Rainy
2016,23,2025-02-05,Rainy
2017,23,2025-02-06,Sunny
2018,23,2025-02-07,Cloudy
2019,23,2025-02-08,Sunny
2020,23,2025-02-09,Hot
2021,23,2025-02-10,Rainy
2022,23,2025-02-11,Windy
2023,23,2025-02-12,Rainy
2024,23,2025-02-13,Sunny
2025,23,2025-02-14,Windy
2026,23,2025-02-15,Rainy
2027,23,2025-02-16,Cloudy
2028,23,2025-02-17,Cloudy
2029,23,2025-02-18,Cloudy
2030,23,2025-02-19,Cloudy
2031,23,2025-02-20,Rainy
2032,23,2025-02-21,Rainy
2033,23,2025-02-22,Sunny
2034,23,2025-02-23,Sunny
2035,23,2025-02-24,Windy
2036,23,2025-02-25,Sunny
2037,23,2025-02-26,Cloudy
2038,23,2025-02-27,Sunny
2039,23,2025-02-28,Sunny
2040,23,2025-03-01,Sunny
2041,23,2025-03-02,Cloudy
2042,23,2025-03-03,Rainy
2043,23,2025-03-04,Sunny
2044,23,2025-03-05,Windy
2045,23,2025-03-06,Rainy
2046,23,2025-03-07,Rainy
2047,23,2025-03-08,Windy
2048,23,2025-03-09,Cloudy
2049,23,2025-03-10,Sunny
2050,23,2025-03-11,Cloudy
2051,23,2025-03-12,Cloudy
2052,23,2025-03-13,Hot
2053,23,2025-03-14,Cloudy
2054,23,2025-03-15,Rainy
2055,23,2025-03-16,Sunny
2056,23,2025-03-17,Hot
2057,23,2025-03-18,Hot
2058,23,2025-03-19,Sunny
2059,23,2025-03-20,Windy
2060,23,2025-03-21,Hot
2061,23,2025-03-22,Cloudy
2062,23,2025-03-23,Sunny
2063,23,2025-03-24,Sunny
2064,23,2025-03-25,Windy
2065,23,2025-03-26,Cloudy
2066,23,2025-03-27,Hot
2067,23,2025-03-28,Sunny
2068,23,2025-03-29,Windy
2069,23,2025-03-30,Sunny
2070,23,2025-03-31,Rainy
2071,24,2025-01-01,Rainy
2072,24,2025-01-02,Cloudy
2073,24,2025-01-03,Hot
2074,24,2025-01-04,Windy
2075,24,2025-01-05,Hot
2076,24,2025-01-06,Rainy
2077,24,2025-01-07,Sunny
2078,24,2025-01-08,Cloudy
2079,24,2025-01-09,Rainy
2080,24,2025-01-10,Sunny
2081,24,2025-01-11,Sunny
2082,24,2025-01-12,Hot
2083,24,2025-01-13,Sunny
2084,24,2025-01-14,Hot
2085,24,2025-01-15,Sunny
2086,24,2025-01-16,Windy
2087,24,2025-01-17,Cloudy
2088,24,2025-01-18,Cloudy
2089,24,2025-01-19,Windy
2090,24,2025-01-20,Sunny
2091,24,2025-01-21,Sunny
2092,24,2025-01-22,Cloudy
2093,24,2025-01-23,Sunny
2094,24,2025-01-24,Cloudy
2095,24,2025-01-25,Rainy
2096,24,2025-01-26,Sunny
2097,24,2025-01-27,Sunny
2098,24,2025-01-28,Cloudy
2099,24,2025-01-29,Cloudy
2100,24,2025-01-30,Windy
2101,24,2025-01-31,Sunny
2102,24,2025-02-01,Rainy
2103,24,2025-02-02,Sunny
2104,24,2025-02-03,Cloudy
2105,24,2025-02-04,Cloudy
2106,24,2025-02-05,Rainy
2107,24,2025-02-06,Rainy
2108,24,2025-02-07,Sunny
2109,24,2025-02-08,Sunny
2110,24,2025-02-09,Windy
2111,24,2025-02-10,Cloudy
2112,24,2025-02-11,Windy
2113,24,2025-02-12,Rainy
2114,24,2025-02-13,Hot
2115,24,2025-02-14,Rainy
2116,24,2025-02-15,Cloudy
2117,24,2025-02-16,Hot
2118,24,2025-02-17,Sunny
2119,24,2025-02-18,Hot
2120,24,2025-02-19,Sunny
2121,24,2025-02-20,Hot
2122,24,2025-02-21,Cloudy
2123,24,2025-02-22,Cloudy
2124,24,2025-02-23,Sunny
2125,24,2025-02-24,Hot
2126,24,2025-02-25,Windy
2127,24,2025-02-26,Hot
2128,24,2025-02-27,Sunny
2129,24,2025-02-28,Windy
2130,24,2025-03-01,Cloudy
2131,24,2025-03-02,Sunny
2132,24,2025-03-03,Sunny
2133,24,2025-03-04,Sunny
2134,24,2025-03-05,Sunny
2135,24,2025-03-06,Sunny
2136,24,2025-03-07,Sunny
2137,24,2025-03-08,Hot
2138,24,2025-03-09,Sunny
2139,24,2025-03-10,Sunny
2140,24,2025-03-11,Hot
2141,24,2025-03-12,Hot
2142,24,2025-03-13,Cloudy
2143,24,2025-03-14,Rainy
2144,24,2025-03-15,Sunny
2145,24,2025-03-16,Rainy
2146,24,2025-03-17,Sunny
2147,24,2025-03-18,Hot
2148,24,2025-03-19,Hot
2149,24,2025-03-20,Rainy
2150,24,2025-03-21,Rainy
2151,24,2025-03-22,Cloudy
2152,24,2025-03-23,Cloudy
2153,24,2025-03-24,Rainy
2154,24,2025-03-25,Rainy
2155,24,2025-03-26,Sunny
2156,24,2025-03-27,Windy
2157,24,2025-03-28,Hot
2158,24,2025-03-29,Windy
2159,24,2025-03-30,Sunny
2160,24,2025-03-31,Sunny
